index_x,Location,2008,2009,2010,2011,2012,2013,2014,2015,2016,2017,Max_Year,Max,Mean,index_y,OBJECTID,NAME10,GEOID10,COUNTY,COUNTYFP10,POP10,MEAN_2011_2017
0,Abbot,,,,,,,,,0,,2016,0,0,0,408,Abbot,2302100100,Piscataquis,21,714,0
1,Acton,42.1,41.8,40.9,120.9,0,160,39.4,198.6,78.1,195.2,2015,198.6,91.7,1,252,Acton,2303100275,York,31,2447,113.1714286
2,Addison,,0,,0,0,0,,,0,485.4,2017,485.4,80.9,2,44,Addison,2302900380,Washington,29,1266,97.08
3,Albion,47.1,0,0,48.5,97.6,98.1,48.6,147.4,487.8,439,2016,487.8,141.41,3,476,Albion,2301100590,Kennebec,11,2041,195.2857143
4,Alexander,,0,,0,0,0,0,0,,0,2009,0,0,4,45,Alexander,2302900660,Washington,29,499,0
5,Alfred,138.8,102.4,99.4,197.2,65.5,98.4,228.7,32.7,32.5,162.3,2014,228.7,115.79,5,253,Alfred,2303100730,York,31,3019,116.7571429
6,Allagash,,,,,,,0,,0,0,2014,0,0,6,48,Allagash,2300300800,Aroostook,3,239,0
7,Alna,,0,,,,,0,,,,2009,0,0,7,396,Alna,2301501010,Lincoln,15,709,0
8,Alton,0,,0,0,0,0,0,0,0,0,2008,0,0,8,1,Alton,2301901115,Penobscot,19,890,0
9,Amherst,0,0,0,0,0,0,0,0,0,0,2008,0,0,9,229,Amherst,2300901185,Hancock,9,265,0
10,Amity,,,,,,,0,,0,0,2014,0,0,10,49,Amity,2300301220,Aroostook,3,238,0
11,Andover,0,0,0,0,0,0,0,0,0,0,2008,0,0,11,338,Andover,2301701325,Oxford,17,821,0
12,Anson,0,0,39.8,0,0,40.2,0,0,0,122.4,2017,122.4,20.24,12,288,Anson,2302501395,Somerset,25,2511,23.22857143
13,Appleton,0,0,,,,447.8,,,,,2013,447.8,149.2666667,13,442,Appleton,2301301465,Knox,13,1316,447.8
14,Argyle,0,,0,0,0,0,0,0,0,0,2008,0,0,14,2,Argyle,2301901500,Penobscot,19,277,0
15,Arrowsic,,,,,,,,,,,,,,15,424,Arrowsic,2302301570,Sagadahoc,23,427,0
16,Arundel,175.3,176.3,74.6,74.5,98.2,98.8,122,48.9,24.3,48.7,2009,176.3,94.16,16,254,Arundel,2303101605,York,31,4022,73.62857143
17,Ashland,,,,,,,,,0,0,2016,0,0,17,50,Ashland,2300301710,Aroostook,3,1302,0
18,Athens,0,0,0,0,0,,0,0,0,,2008,0,0,18,289,Athens,2302501885,Somerset,25,1019,0
19,Atkinson,,,,,,,,,0,0,2016,0,0,19,409,Atkinson,2302101920,Piscataquis,21,326,0
20,Auburn,39.5,56.5,47.7,69.6,39.3,48.1,74.7,43.6,57.5,79.6,2017,79.6,55.61,20,450,Auburn,2300102060,Androscoggin,1,23055,58.91428571
21,Augusta,65.2,95.4,31.4,79.5,95.3,133.6,123.4,130.3,136.1,152.4,2017,152.4,104.26,21,477,Augusta,2301102100,Kennebec,11,19136,121.5142857
22,Aurora,0,0,0,0,0,,0,0,0,0,2008,0,0,22,156,Aurora,2300902165,Hancock,9,114,0
23,Avon,0,0,0,0,0,0,0,0,0,0,2008,0,0,23,287,Avon,2300702235,Franklin,7,461,0
24,Baileyville,,0,,0,0,0,0,0,0,0,2009,0,0,24,46,Baileyville,2302902480,Washington,29,1521,0
25,Baldwin,,0,,,,,,,,,2009,0,0,25,494,Baldwin,2300502655,Cumberland,5,1525,0
26,Bancroft,,,,,,,0,,0,0,2014,0,0,26,59,Bancroft,2300302760,Aroostook,3,68,0
27,Bangor,3.2,,12.1,3.1,6.1,33.9,15.3,27.6,39.9,46.1,2017,46.1,20.81111111,27,3,Bangor,2301902795,Penobscot,19,33039,24.57142857
28,Bar Harbor,78,267.2,171.9,153.6,153.3,133.4,272.1,289.9,388.5,407.9,2017,407.9,231.58,28,157,Bar Harbor,2300902865,Hancock,9,5235,256.9571429
29,Baring,,0,,0,0,0,0,0,0,0,2009,0,0,29,47,Baring,2302902970,Washington,29,251,0
30,Bath,78.1,115.8,82.2,59.2,59.4,119.7,119.8,35.9,108.3,96.3,2014,119.8,87.47,30,425,Bath,2302303355,Sagadahoc,23,8514,85.51428571
31,Beals,,0,,0,0,0,0,0,0,0,2009,0,0,31,51,Beals,2302903670,Washington,29,508,0
32,Beaver Cove,,,,,,,,,0,0,2016,0,0,32,410,Beaver Cove,2302103740,Piscataquis,21,122,0
33,Beddington,,,,0,0,,,,,,2011,0,0,33,52,Beddington,2302903810,Washington,29,50,0
34,Belfast,15,44.9,30,153.5,121.2,105.8,76.1,151.1,153.5,230.2,2017,230.2,108.13,34,388,Belfast,2302703950,Waldo,27,6668,141.6285714
35,Belgrade,91.7,154.6,0,343.2,62.6,251.8,125.7,189.8,344.3,250.4,2016,344.3,181.41,35,478,Belgrade,2301104020,Kennebec,11,3189,223.9714286
36,Belmont,0,0,,,0,,,,0,,2008,0,0,36,389,Belmont,2302704125,Waldo,27,942,0
37,Benton,0,36.8,0,72.9,36.7,110.7,74,36.9,73.2,329.5,2017,329.5,77.07,37,479,Benton,2301104475,Kennebec,11,2732,104.8428571
38,Berwick,157.3,109,124.2,94.9,134,183.3,120,118.7,78.2,65.1,2013,183.3,118.47,38,255,Berwick,2303104720,York,31,7246,113.4571429
39,Bethel,0,0,0,0,38.2,115,0,38,37.9,113.8,2013,115,34.29,39,339,Bethel,2301704825,Oxford,17,2607,48.98571429
40,Biddeford,79.9,42.3,56.4,60.7,74.7,55.4,64.7,18.3,27.1,40.7,2008,79.9,52.02,40,256,Biddeford,2303104860,York,31,21277,48.8
41,Bingham,0,0,0,0,0,,0,0,0,,2008,0,0,41,297,Bingham,2302505000,Somerset,25,922,0
42,Blaine,,,,,,,0,,0,0,2014,0,0,42,60,Blaine,2300305385,Aroostook,3,726,0
43,Blanchard,,,,,,,,,0,0,2016,0,0,43,411,Blanchard,2302105560,Piscataquis,21,98,0
44,Blue Hill,0,0,37.2,74.2,149.4,299,637.2,380.7,419.5,457.7,2014,637.2,245.49,44,158,Blue Hill,2300905700,Hancock,9,2686,345.3857143
45,Boothbay,31.1,0,0,32.5,161.6,161.7,64.6,131.1,97.6,130.2,2013,161.7,81.04,45,397,Boothbay,2301506050,Lincoln,15,3120,111.3285714
46,Boothbay Harbor,0,0,0,0,0,48.1,143.7,96.8,147.5,147.5,2016,147.5,58.36,46,398,Boothbay Harbor,2301506120,Lincoln,15,2165,83.37142857
47,Bowdoin,66.8,99.8,163.3,194.9,227,194.9,226.1,159.8,383.9,255.9,2016,383.9,197.24,47,426,Bowdoin,2302306260,Sagadahoc,23,3061,234.6428571
48,Bowdoinham,356.4,388.8,242.3,310.7,345.7,451.5,276.8,204.5,337.7,574.1,2017,574.1,348.85,48,427,Bowdoinham,2302306365,Sagadahoc,23,2889,357.2857143
49,Bowerbank,,,,,,,,,0,0,2016,0,0,49,412,Bowerbank,2302106400,Piscataquis,21,116,0
50,Bradford,0,,0,0,0,0,0,0,0,0,2008,0,0,50,4,Bradford,2301906575,Penobscot,19,1290,0
51,Bradley,0,,0,0,0,0,,,0,,2008,0,0,51,11,Bradley,2301906680,Penobscot,19,1492,0
52,Bremen,,0,0,0,,,,,,,2009,0,0,52,399,Bremen,2301506855,Lincoln,15,806,0
53,Brewer,0,,0,10.6,21.3,21.4,32.1,54.4,119.9,65.4,2016,119.9,36.12222222,53,12,Brewer,2301906925,Penobscot,19,9482,46.44285714
54,Bridgewater,,,,,,,0,,0,0,2014,0,0,54,61,Bridgewater,2300307065,Aroostook,3,610,0
55,Bridgton,19.2,19,19.2,115,57.8,115.7,76,115.8,57.4,210.6,2017,210.6,80.57,55,495,Bridgton,2300507170,Cumberland,5,5210,106.9
56,Brighton,0,0,0,0,0,0,0,0,0,0,2008,0,0,56,298,Brighton,2302507380,Somerset,25,70,0
57,Bristol,72.7,181.2,108.9,257.7,147.7,333,701.4,599.5,406.1,147.7,2014,701.4,295.59,57,400,Bristol,2301507485,Lincoln,15,2755,370.4428571
58,Brooklin,0,0,0,,0,,,,850.5,,2016,850.5,170.1,58,159,Brooklin,2300907800,Hancock,9,824,425.25
59,Brooks,,0,,0,,0,,,0,,2009,0,0,59,390,Brooks,2302707870,Waldo,27,1078,0
60,Brooksville,0,0,0,,0,,,,,,2008,0,0,60,160,Brooksville,2300907975,Hancock,9,934,0
61,Brownfield,,0,,,,,,0,,,2009,0,0,61,340,Brownfield,2301708150,Oxford,17,1597,0
62,Brownville,,,,,,,,,0,,2016,0,0,62,413,Brownville,2302108325,Piscataquis,21,1250,0
63,Brunswick,63.8,127.7,74,122.5,92.5,122,135.9,87,124.8,76.8,2014,135.9,102.7,63,496,Brunswick,2300508430,Cumberland,5,20278,108.7857143
64,Buckfield,,0,49.8,98.5,99.4,49.4,0,0,0,49.7,2012,99.4,38.53333333,64,352,Buckfield,2301708710,Oxford,17,2009,42.42857143
65,Bucksport,40.7,100.7,121.9,203,242.5,220.7,263.2,204.4,163.8,368.5,2017,368.5,192.94,65,161,Bucksport,2300908815,Hancock,9,4924,238.0142857
66,Burlington,0,,0,0,,0,0,0,0,0,2008,0,0,66,13,Burlington,2301909200,Penobscot,19,363,0
67,Burnham,0,0,0,0,0,,0,,,,2008,0,0,67,391,Burnham,2302709270,Waldo,27,1164,0
68,Buxton,85.5,224.4,112,173.8,148.1,135.2,121.2,48.3,203.2,119.5,2009,224.4,137.12,68,257,Buxton,2303109410,York,31,8034,135.6142857
69,Byron,0,0,0,0,0,0,0,0,0,0,2008,0,0,69,353,Byron,2301709550,Oxford,17,145,0
70,Calais,,0,,33.1,0,0,0,34.7,0,34,2015,34.7,12.725,70,53,Calais,2302909585,Washington,29,3123,14.54285714
71,Cambridge,0,0,0,0,0,0,0,0,,0,2008,0,0,71,299,Cambridge,2302509655,Somerset,25,462,0
72,Camden,171.1,120.4,164.9,84.5,294.3,147.6,192.3,248.1,106.4,319.1,2017,319.1,184.87,72,443,Camden,2301309725,Knox,13,4850,198.9
73,Canaan,47.3,0,44,44.6,0,132.7,88.7,89.1,0,312.5,2017,312.5,75.89,73,300,Canaan,2302509935,Somerset,25,2275,95.37142857
74,Canton,0,,0,0,0,0,0,,0,,2008,0,0,74,354,Canton,2301710005,Oxford,17,990,0
75,Cape Elizabeth,100.2,99.2,99.8,100.2,123.2,121.7,187.1,121.4,88.5,99.6,2014,187.1,114.09,75,497,Cape Elizabeth,2300510180,Cumberland,5,9015,120.2428571
76,Caratunk,0,0,0,0,0,0,0,0,0,0,2008,0,0,76,301,Caratunk,2302510495,Somerset,25,69,0
77,Caribou,,,,,,,0,,13,0,2016,13,4.333333333,77,62,Caribou,2300310565,Aroostook,3,8189,4.333333333
78,Carmel,0,,0,0,35.4,0,70.7,70.8,175.4,105.2,2016,175.4,50.83333333,78,14,Carmel,2301910670,Penobscot,19,2794,65.35714286
79,Carrabassett Valley,0,0,0,0,0,,,0,0,0,2008,0,0,79,290,Carrabassett Valley,2300710740,Franklin,7,781,0
80,Carroll,0,,0,0,0,0,0,0,0,0,2008,0,0,80,15,Carroll,2301910810,Penobscot,19,153,0
81,Carthage,0,0,0,0,0,0,0,0,0,0,2008,0,0,81,291,Carthage,2300710915,Franklin,7,560,0
82,Cary,,,,,,,0,,0,0,2014,0,0,82,63,Cary,2300311020,Aroostook,3,218,0
83,Casco,81.4,160.2,133.6,79.1,208.4,156.9,180.9,155.8,153.5,127.9,2012,208.4,143.77,83,498,Casco,2300511125,Cumberland,5,3742,151.7857143
84,Castine,,,0,,,,,502.1,478.5,478.5,2015,502.1,364.775,84,162,Castine,2300911265,Hancock,9,1366,486.3666667
85,Castle Hill,,,,,,,0,,0,0,2014,0,0,85,64,Castle Hill,2300311300,Aroostook,3,425,0
86,Caswell,,,,,,,0,,0,0,2014,0,0,86,79,Caswell,2300311335,Aroostook,3,306,0
87,Central Aroostook,,,,,,,0,,0,0,2014,0,0,87,80,Central Aroostook,2300311785,Aroostook,3,118,0
162,Central Hancock,0,0,0,0,0,0,0,0,0,0,2008,0,0,88,163,Central Hancock,2300911800,Hancock,9,117,0
88,Central Somerset,0,0,0,0,0,0,0,0,0,0,2008,0,0,89,302,Central Somerset,2302511820,Somerset,25,338,0
89,Chapman,,,,,,,0,,0,0,2014,0,0,90,81,Chapman,2300312000,Aroostook,3,468,0
90,Charleston,0,,0,0,0,0,0,0,0,0,2008,0,0,91,16,Charleston,2301912105,Penobscot,19,1409,0
91,Charlotte,,0,,0,0,0,0,0,0,0,2009,0,0,92,54,Charlotte,2302912175,Washington,29,332,0
92,Chebeague Island,,,0,,,,0,,,,2010,0,0,93,533,Chebeague Island,2300512300,Cumberland,5,341,0
93,Chelsea,180.4,0,110.3,331.7,221.3,111.7,74.7,188.1,263.2,150.4,2011,331.7,163.18,94,480,Chelsea,2301112350,Kennebec,11,2721,191.5857143
94,Cherryfield,,0,,0,0,,0,,0,,2009,0,0,95,55,Cherryfield,2302912455,Washington,29,1232,0
95,Chester,0,,0,0,0,0,0,0,0,0,2008,0,0,96,17,Chester,2301912525,Penobscot,19,546,0
96,Chesterville,0,0,,0,0,0,,0,0,,2008,0,0,97,286,Chesterville,2300712595,Franklin,7,1352,0
97,China,112.7,45.6,69.3,114.8,230,228.2,161.5,137.3,272,272,2016,272,164.34,98,481,China,2301112735,Kennebec,11,4328,202.2571429
98,Clifton,0,,0,0,0,0,0,0,,,2008,0,0,99,18,Clifton,2301913365,Penobscot,19,921,0
99,Clinton,0,0,86.1,56.8,28.7,115.9,86.6,56.8,225.3,169,2016,225.3,82.52,100,482,Clinton,2301113470,Kennebec,11,3486,105.5857143
100,Codyville,,,,,,,,,,,,,,101,56,Codyville,2302913610,Washington,29,24,0
101,Columbia,,0,,0,0,0,0,0,0,0,2009,0,0,102,57,Columbia,2302913750,Washington,29,486,0
102,Columbia Falls,,0,,,0,,,0,0,,2009,0,0,103,58,Columbia Falls,2302913820,Washington,29,560,0
103,Connor,,,,,,,0,,0,0,2014,0,0,104,82,Connor,2300313900,Aroostook,3,457,0
104,Cooper,,0,,0,0,0,0,0,0,0,2009,0,0,105,65,Cooper,2302914100,Washington,29,154,0
105,Coplin,0,0,0,0,0,0,0,0,0,0,2008,0,0,106,292,Coplin,2300714205,Franklin,7,166,0
106,Corinna,0,,45.5,0,0,0,46.1,0,0,92.8,2017,92.8,20.48888889,107,19,Corinna,2301914310,Penobscot,19,2198,19.84285714
107,Corinth,0,,0,0,0,33.8,69.7,0,34.8,0,2014,69.7,15.36666667,108,20,Corinth,2301914380,Penobscot,19,2878,19.75714286
108,Cornish,,,,,,,700.3,,,,2014,700.3,700.3,109,258,Cornish,2303114485,York,31,1403,700.3
109,Cornville,0,0,0,0,0,0,0,0,,,2008,0,0,110,303,Cornville,2302514555,Somerset,25,1314,0
110,Cranberry Isles,0,0,0,0,0,0,0,0,0,0,2008,0,0,111,175,Cranberry Isles,2300914905,Hancock,9,141,0
111,Crawford,,0,,0,0,0,0,0,0,0,2009,0,0,112,66,Crawford,2302914940,Washington,29,105,0
112,Criehaven,,,,,,,,,,,,,,113,444,Criehaven,2301315125,Knox,13,1,0
113,Crystal,,,,,,,0,,0,,2014,0,0,114,83,Crystal,2300315395,Aroostook,3,269,0
114,Cumberland,224.1,191.1,138.7,176.8,122,202.5,212,195.9,155.7,155.7,2008,224.1,177.45,115,499,Cumberland,2300515430,Cumberland,5,7211,174.3714286
115,Cushing,,,,,388.9,,,,,,2012,388.9,388.9,116,445,Cushing,2301315780,Knox,13,1534,388.9
116,Cutler,,0,,0,0,0,,0,,0,2009,0,0,117,67,Cutler,2302915920,Washington,29,507,0
117,Cyr,,,,,,,0,,0,0,2014,0,0,118,84,Cyr,2300315990,Aroostook,3,103,0
118,Dallas,0,0,0,0,0,0,0,0,0,0,2008,0,0,119,293,Dallas,2300716165,Franklin,7,309,0
119,Damariscotta,,142.1,270.5,136.9,281.7,281.7,370.7,48,448,313.6,2016,448,254.8,120,230,Damariscotta,2301516235,Lincoln,15,2218,268.6571429
120,Danforth,,0,,0,0,0,0,0,0,0,2009,0,0,121,68,Danforth,2302916410,Washington,29,589,0
121,Dayton,47.3,149.3,,,,,,192.8,49,49,2015,192.8,97.48,122,259,Dayton,2303116725,York,31,1965,96.93333333
122,Deblois,,0,,0,0,0,0,0,0,0,2009,0,0,123,69,Deblois,2302916865,Washington,29,57,0
123,Dedham,0,0,,,0,,,0,,,2008,0,0,124,176,Dedham,2300916935,Hancock,9,1681,0
124,Deer Isle,0,,0,,353.7,1032,463.9,414.9,777.6,1088.6,2017,1088.6,516.3375,125,177,Deer Isle,2300917145,Hancock,9,1975,688.45
125,Denmark,,,0,,,,,,0,,2010,0,0,126,355,Denmark,2301717250,Oxford,17,1148,0
126,Dennistown,,,,,,,,,,,,,,127,304,Dennistown,2302517285,Somerset,25,33,0
127,Dennysville,,0,,0,0,0,0,0,0,0,2009,0,0,128,70,Dennysville,2302917355,Washington,29,342,0
128,Detroit,0,0,0,0,0,,0,0,,,2008,0,0,129,305,Detroit,2302517460,Somerset,25,852,0
129,Dexter,27,,0,0,0,78.3,0,0,53,106,2017,106,29.36666667,130,21,Dexter,2301917530,Penobscot,19,3895,33.9
130,Dixfield,0,0,39.2,40,0,0,0,40.7,40.7,81.5,2017,81.5,24.21,131,356,Dixfield,2301717740,Oxford,17,2550,28.98571429
131,Dixmont,0,,0,,0,,,,,,2008,0,0,132,22,Dixmont,2301917950,Penobscot,19,1181,0
132,Dover-Foxcroft,,,,,,,,,0,0,2016,0,0,133,414,Dover-Foxcroft,2302118195,Piscataquis,21,4213,0
133,Dresden,410.1,,,358.4,,418.4,,,,,2013,418.4,395.6333333,134,231,Dresden,2301518475,Lincoln,15,1672,388.4
134,Drew,0,,,,,,,,,,2008,0,0,135,23,Drew,2301918580,Penobscot,19,46,0
135,Durham,77.8,103.5,129.9,182.7,310.6,180.3,307.9,231.7,280.9,178.8,2012,310.6,198.41,136,451,Durham,2300119105,Androscoggin,1,3848,238.9857143
136,Dyer Brook,,,,,,,0,,0,0,2014,0,0,137,85,Dyer Brook,2300319210,Aroostook,3,213,0
137,Eagle Lake,,,,,,,0,,0,0,2014,0,0,138,97,Eagle Lake,2300319420,Aroostook,3,864,0
138,East Central Franklin,0,0,0,0,0,0,0,0,0,0,2008,0,0,139,294,East Central Franklin,2300719865,Franklin,7,808,0
139,East Central Penobscot,0,,0,0,0,0,0,0,0,0,2008,0,0,140,24,East Central Penobscot,2301919868,Penobscot,19,343,0
140,East Central Washington,,0,,0,0,0,0,0,0,0,2009,0,0,141,71,East Central Washington,2302919870,Washington,29,728,0
141,East Hancock,0,0,0,0,0,0,0,0,0,0,2008,0,0,142,179,East Hancock,2300920405,Hancock,9,94,0
142,East Machias,,,,,,,,454.9,,,2015,454.9,454.9,143,72,East Machias,2302920960,Washington,29,1368,454.9
143,East Millinocket,0,,,,0,0,0,0,0,,2008,0,0,144,25,East Millinocket,2301921030,Penobscot,19,1723,0
144,Eastbrook,0,0,0,0,0,0,0,0,0,0,2008,0,0,145,178,Eastbrook,2300919770,Hancock,9,423,0
145,Easton,,,,,,,0,,0,0,2014,0,0,146,98,Easton,2300321380,Aroostook,3,1287,0
146,Eastport,,0,,0,0,0,0,0,0,,2009,0,0,147,73,Eastport,2302921730,Washington,29,1331,0
147,Eddington,0,,0,44.5,44.8,44.1,0,91.3,91.1,227.8,2017,227.8,60.4,148,26,Eddington,2301922535,Penobscot,19,2225,77.65714286
148,Edgecomb,,,,,,,,,,,,,,149,232,Edgecomb,2301522675,Lincoln,15,1249,0
149,Edinburg,0,,0,0,0,0,0,0,0,0,2008,0,0,150,27,Edinburg,2301922710,Penobscot,19,131,0
150,Eliot,239.6,356.8,161.2,128.3,270.4,174.5,285,174.1,173.2,157.4,2009,356.8,212.05,151,260,Eliot,2303122955,York,31,6204,194.7
151,Ellsworth,0,13.3,12.9,0,77.4,89.2,102,165.9,101.4,228.3,2017,228.3,79.04,152,180,Ellsworth,2300923200,Hancock,9,7741,109.1714286
152,Embden,0,0,0,,0,0,0,0,,,2008,0,0,153,306,Embden,2302523410,Somerset,25,939,0
153,Enfield,0,,0,0,0,0,0,0,0,0,2008,0,0,154,28,Enfield,2301923620,Penobscot,19,1607,0
154,Etna,,,0,0,0,0,0,0,,,2010,0,0,155,29,Etna,2301923865,Penobscot,19,1246,0
155,Eustis,0,0,0,0,0,,0,0,0,,2008,0,0,156,295,Eustis,2300724005,Franklin,7,618,0
156,Exeter,0,,0,0,0,0,,0,0,,2008,0,0,157,30,Exeter,2301924110,Penobscot,19,1092,0
157,Fairfield,14.8,58.9,44.5,45.1,,15,,60.4,60.7,197.2,2017,197.2,62.075,158,307,Fairfield,2302524320,Somerset,25,6735,75.68
158,Falmouth,145.2,169.7,71.5,169.3,197.2,105.6,199.4,77.9,149.7,96.8,2014,199.4,138.23,159,500,Falmouth,2300524495,Cumberland,5,11185,142.2714286
159,Farmingdale,138.9,136.4,135.3,67.2,67.7,102.6,67.8,170.5,209.4,209.4,2016,209.4,130.52,160,483,Farmingdale,2301124670,Kennebec,11,2956,127.8
160,Farmington,40.1,51.6,64.4,13.1,13.1,13.1,13.3,67,0,67.4,2017,67.4,34.31,161,296,Farmington,2300724775,Franklin,7,7760,26.71428571
161,Fayette,0,,0,,0,,0,0,,,2008,0,0,162,484,Fayette,2301124950,Kennebec,11,1140,0
163,Fort Fairfield,,,,,,,0,,0,0,2014,0,0,163,99,Fort Fairfield,2300325615,Aroostook,3,3496,0
164,Fort Kent,,,,,,,0,,0,0,2014,0,0,164,100,Fort Kent,2300325755,Aroostook,3,4097,0
165,Frankfort,0,0,,0,0,0,,,0,0,2008,0,0,165,392,Frankfort,2302726280,Waldo,27,1124,0
166,Franklin,0,,0,,0,0,,0,,0,2008,0,0,166,181,Franklin,2300926350,Hancock,9,1483,0
167,Freedom,0,,0,,0,,0,0,,,2008,0,0,167,393,Freedom,2302726420,Waldo,27,719,0
168,Freeport,193.5,201.1,114.2,114.1,217.1,150.8,235.2,187.6,173.4,321.9,2017,321.9,190.89,168,501,Freeport,2300526525,Cumberland,5,7879,200.0142857
169,Frenchboro,,,0,0,0,0,0,0,0,0,2010,0,0,169,182,Frenchboro,2300926595,Hancock,9,61,0
170,Frenchville,,,,,,,,,0,0,2016,0,0,170,101,Frenchville,2300326735,Aroostook,3,1087,0
171,Friendship,0,0,0,0,,,,,,,2008,0,0,171,446,Friendship,2301326805,Knox,13,1152,0
172,Frye Island,,,,,,,,,,,,,,172,514,Frye Island,2300527025,Cumberland,5,5,0
173,Fryeburg,0,59.3,29,86.8,0,117.2,88,58.5,58.1,58.1,2013,117.2,55.5,173,357,Fryeburg,2301726910,Oxford,17,3449,66.67142857
174,Gardiner,131.3,33.6,137.9,104.8,121.7,174.9,69.7,103.5,245.5,245.5,2016,245.5,136.84,174,485,Gardiner,2301127085,Kennebec,11,5800,152.2285714
175,Garfield,,,,,,,0,,0,0,2014,0,0,175,102,Garfield,2300327120,Aroostook,3,81,0
176,Garland,0,,0,,0,0,0,0,,,2008,0,0,176,31,Garland,2301927190,Penobscot,19,1105,0
177,Georgetown,,,,,,,,682.9,782,586.5,2016,782,683.8,177,428,Georgetown,2302327295,Sagadahoc,23,1042,683.8
178,Gilead,0,0,0,0,0,0,0,0,0,0,2008,0,0,178,358,Gilead,2301727505,Oxford,17,209,0
179,Glenburn,0,,0,0,42.9,0,0,43.3,21.5,107.7,2017,107.7,23.93333333,179,32,Glenburn,2301927645,Penobscot,19,4594,30.77142857
180,Glenwood,,,,,,,,,,,,,,180,103,Glenwood,2300327855,Aroostook,3,3,0
181,Gorham,171.6,129.4,146.5,157.4,144.7,143,165.2,98.8,109,137.7,2008,171.6,140.33,181,515,Gorham,2300528240,Cumberland,5,16381,136.5428571
182,Gouldsboro,0,,0,,0,,,,,,2008,0,0,182,183,Gouldsboro,2300928450,Hancock,9,1737,0
183,Grand Isle,,,,,,,0,,0,0,2014,0,0,183,104,Grand Isle,2300328590,Aroostook,3,467,0
184,Grand Lake Stream,,0,,0,0,0,0,0,0,0,2009,0,0,184,74,Grand Lake Stream,2302928660,Washington,29,109,0
185,Gray,92.4,129.2,141.7,101.9,101.7,252.3,200,173.2,221.4,246,2013,252.3,165.98,185,516,Gray,2300528870,Cumberland,5,7761,185.2142857
186,Great Pond,,0,0,0,0,0,0,0,0,0,2009,0,0,186,196,Great Pond,2300928975,Hancock,9,58,0
187,Greenbush,0,,0,0,0,0,0,,,,2008,0,0,187,33,Greenbush,2301929185,Penobscot,19,1491,0
188,Greene,71,46.4,23,114.2,45.5,90.1,112.8,46,137.5,91.6,2016,137.5,77.81,188,452,Greene,2300129255,Androscoggin,1,4350,91.1
189,Greenville,,,,,,,,,,0,2017,0,0,189,415,Greenville,2302129535,Piscataquis,21,1646,0
190,Greenwood,0,0,,0,0,0,0,0,,0,2008,0,0,190,359,Greenwood,2301729710,Oxford,17,830,0
191,Guilford,,,,,,,,,0,,2016,0,0,191,416,Guilford,2302130095,Piscataquis,21,1521,0
192,Hallowell,122.9,82.9,84,85,171.7,172.5,43.2,88.2,129.6,129.6,2013,172.5,110.96,192,486,Hallowell,2301130550,Kennebec,11,2381,117.1142857
193,Hamlin,,,,,,,0,,0,0,2014,0,0,193,105,Hamlin,2300330690,Aroostook,3,219,0
194,Hammond,,,,,,,0,,0,0,2014,0,0,194,116,Hammond,2300330725,Aroostook,3,118,0
195,Hampden,72.3,,0,0,27.5,27.5,54,68.2,164.7,164.7,2016,164.7,64.32222222,195,34,Hampden,2301930795,Penobscot,19,7257,72.37142857
196,Hancock,0,0,0,0,0,0,123.3,82.2,204.3,449.5,2017,449.5,85.93,196,197,Hancock,2300930970,Hancock,9,2394,122.7571429
197,Hanover,0,,0,0,0,0,0,0,0,0,2008,0,0,197,360,Hanover,2301731110,Oxford,17,238,0
198,Harmony,0,0,0,,0,,,0,0,,2008,0,0,198,308,Harmony,2302531355,Somerset,25,939,0
199,Harpswell,38.7,226.3,63.3,126.7,127.7,107.1,84,64.5,215.1,193.6,2009,226.3,124.7,199,517,Harpswell,2300531390,Cumberland,5,4740,131.2428571
200,Harrington,,0,,,0,0,0,0,,,2009,0,0,200,75,Harrington,2302931530,Washington,29,1004,0
201,Harrison,0,37.7,73.3,0,109.9,182.6,108.5,36.6,181.8,72.7,2013,182.6,80.31,201,518,Harrison,2300531600,Cumberland,5,2730,98.87142857
202,Hartford,,,0,0,,0,,,0,,2010,0,0,202,361,Hartford,2301731670,Oxford,17,1185,0
203,Hartland,0,0,0,0,0,0,,,0,,2008,0,0,203,309,Hartland,2302531740,Somerset,25,1782,0
204,Haynesville,,,,,,,0,,0,0,2014,0,0,204,117,Haynesville,2300332195,Aroostook,3,121,0
205,Hebron,,0,0,0,0,,0,,,,2009,0,0,205,362,Hebron,2301732370,Oxford,17,1416,0
206,Hermon,0,,0,0,18,18.1,35.2,17.6,70.9,106.3,2017,106.3,29.56666667,206,5,Hermon,2301932510,Penobscot,19,5416,38.01428571
207,Hersey,,,,,,,0,,0,0,2014,0,0,207,118,Hersey,2300332685,Aroostook,3,83,0
208,Hibberts,,,,,,,,,,,,,,208,233,Hibberts,2301532715,Lincoln,15,1,0
209,Highland,0,0,0,0,0,0,0,0,0,0,2008,0,0,209,310,Highland,2302532895,Somerset,25,73,0
210,Hiram,,,0,,,,,,,,2010,0,0,210,363,Hiram,2301733315,Oxford,17,1620,0
211,Hodgdon,,,,,,,0,,0,,2014,0,0,211,119,Hodgdon,2300333385,Aroostook,3,1309,0
212,Holden,0,,0,0,97.8,131.4,97.8,164,232.4,232.4,2016,232.4,106.2,212,6,Holden,2301933490,Penobscot,19,3076,136.5428571
213,Hollis,85.6,185.8,70.1,208.4,137.2,135.6,225,174.2,155.1,221.6,2014,225,159.86,213,261,Hollis,2303133665,York,31,4281,179.5857143
214,Hope,,,,,,,378.8,,379.7,,2016,379.7,379.25,214,447,Hope,2301333840,Knox,13,1536,379.25
215,Houlton,,,,,,,,,0,35.5,2017,35.5,17.75,215,120,Houlton,2300333980,Aroostook,3,6123,17.75
216,Howland,0,,0,0,0,0,0,0,,0,2008,0,0,216,7,Howland,2301934190,Penobscot,19,1241,0
217,Hudson,0,,0,0,0,,,0,0,0,2008,0,0,217,8,Hudson,2301934365,Penobscot,19,1536,0
218,Indian Island,0,,0,0,0,0,0,0,0,0,2008,0,0,,,,,,,,0
220,Industry,0,0,0,0,,0,0,0,0,,2008,0,0,218,311,Industry,2300734820,Franklin,7,929,0
221,Island Falls,,,,,,,0,,0,0,2014,0,0,219,122,Island Falls,2300335065,Aroostook,3,837,0
222,Isle au Haut,0,0,,0,0,0,0,0,,0,2008,0,0,220,448,Isle au Haut,2301335135,Knox,13,73,0
223,Islesboro,1075.3,,,,,6642.7,,,2007.3,7846.7,2017,7846.7,4393,221,394,Islesboro,2302735240,Waldo,27,566,5498.9
224,Jackman,0,0,0,0,0,,0,0,0,0,2008,0,0,222,319,Jackman,2302535345,Somerset,25,862,0
225,Jackson,0,0,0,0,,0,,,0,0,2008,0,0,223,395,Jackson,2302735450,Waldo,27,548,0
226,Jay,20.7,20.6,20.6,41.4,20.7,103.3,,21.1,,147.8,2017,147.8,49.525,224,312,Jay,2300735625,Franklin,7,4851,66.86
227,Jefferson,78.7,121,82.4,410.7,205.4,123,407.8,162.5,402.9,241.7,2011,410.7,223.61,225,234,Jefferson,2301535695,Lincoln,15,2427,279.1428571
228,Jonesboro,,0,,0,0,0,0,0,0,0,2009,0,0,226,76,Jonesboro,2302935905,Washington,29,583,0
229,Jonesport,,0,,0,0,0,0,0,,0,2009,0,0,227,77,Jonesport,2302936010,Washington,29,1370,0
230,Kenduskeag,,,0,,0,,0,0,,0,2010,0,0,228,9,Kenduskeag,2301936325,Penobscot,19,1348,0
231,Kennebunk,288.2,231,157.4,74.3,103,75.3,174.7,65.7,66.3,75.7,2008,288.2,131.16,229,262,Kennebunk,2303136535,York,31,10798,90.71428571
232,Kennebunkport,203.6,141.5,172.7,202.2,144.8,87.1,116,201.7,117.4,58.7,2008,203.6,144.57,230,263,Kennebunkport,2303136745,York,31,3474,132.5571429
233,Kingfield,0,0,,0,0,0,0,,0,,2008,0,0,231,313,Kingfield,2300737025,Franklin,7,997,0
234,Kingman,0,,0,0,0,0,0,0,0,0,2008,0,0,232,10,Kingman,2301937075,Penobscot,19,174,0
235,Kingsbury,,,,,,,,,,,,,,233,417,Kingsbury,2302137095,Piscataquis,21,28,0
236,Kittery,320.6,231.5,200.2,95,136.9,284.7,180,189.4,146.4,135.9,2008,320.6,192.06,234,264,Kittery,2303137270,York,31,9490,166.9
237,Knox,0,0,,,0,,0,0,,,2008,0,0,235,401,Knox,2302737585,Waldo,27,806,0
238,Lagrange,0,,0,0,,0,0,0,0,0,2008,0,0,236,164,Lagrange,2301937760,Penobscot,19,708,0
239,Lake View,,,,,,,,,0,0,2016,0,0,237,418,Lake View,2302137970,Piscataquis,21,89,0
240,Lakeville,0,,0,0,0,0,0,0,0,0,2008,0,0,238,165,Lakeville,2301938005,Penobscot,19,105,0
241,Lamoine,0,0,,,0,,,0,,498.1,2017,498.1,99.62,239,198,Lamoine,2300938180,Hancock,9,1602,166.0333333
242,Lebanon,17.2,133.8,66.3,65.2,208.8,195,96.2,94.8,31.2,155.9,2012,208.8,106.44,240,265,Lebanon,2303138425,York,31,6031,121.0142857
243,Lee,0,,0,0,0,0,0,0,0,0,2008,0,0,241,166,Lee,2301938530,Penobscot,19,922,0
244,Leeds,0,44.8,43,127.2,127,42.7,128.4,43.6,174.1,87,2016,174.1,81.78,242,453,Leeds,2300138565,Androscoggin,1,2326,104.2857143
245,Levant,0,,0,0,0,0,0,34,67.9,33.9,2016,67.9,15.08888889,243,167,Levant,2301938705,Penobscot,19,2851,19.4
246,Lewiston,25,30.1,21.9,19.3,33,41.3,63.3,16.6,30.2,38.4,2014,63.3,31.91,244,454,Lewiston,2300138740,Androscoggin,1,36592,34.58571429
247,Liberty,,0,0,0,,0,,,,,2009,0,0,245,402,Liberty,2302739055,Waldo,27,913,0
248,Limerick,109.6,107.2,172.9,136.1,135.2,201.9,100.1,166.1,164.3,131.4,2013,201.9,142.48,246,266,Limerick,2303139195,York,31,2892,147.8714286
249,Limestone,,,,,,,44.4,,0,0,2014,44.4,14.8,247,123,Limestone,2300339300,Aroostook,3,2314,14.8
250,Limington,282.2,159.8,188.5,132.3,185.2,236.7,260.6,101.7,352.3,176.1,2016,352.3,207.54,248,267,Limington,2303139405,York,31,3713,206.4142857
251,Lincoln,19.1,,0,38.6,0,19.6,0,0,19.9,19.9,2011,38.6,13.01111111,249,364,Lincoln,2301739422,Oxford,17,45,14
251,Lincoln,19.1,,0,38.6,0,19.6,0,0,19.9,19.9,2011,38.6,13.01111111,250,168,Lincoln,2301939475,Penobscot,19,5085,14
252,Lincoln,,,,,,,,,,,,,,249,364,Lincoln,2301739422,Oxford,17,45,0
252,Lincoln,,,,,,,,,,,,,,250,168,Lincoln,2301939475,Penobscot,19,5085,0
253,Lincolnville,0,133.2,92.4,0,184.1,91.7,136.8,277,0,224.3,2015,277,113.95,251,403,Lincolnville,2302739755,Waldo,27,2164,130.5571429
254,Linneus,,,,,,,0,,0,0,2014,0,0,252,124,Linneus,2300339965,Aroostook,3,984,0
255,Lisbon,20.5,10.9,11.1,55.7,66.5,99.9,89,78.2,122.3,133.4,2017,133.4,68.75,253,455,Lisbon,2300140035,Androscoggin,1,9009,92.14285714
256,Litchfield,115.7,84.2,165.6,27.4,54.6,136.8,82.5,54.7,162,351.1,2017,351.1,123.46,254,487,Litchfield,2301140175,Kennebec,11,3624,124.1571429
257,Littleton,,,,,,,0,,0,0,2014,0,0,255,125,Littleton,2300340595,Aroostook,3,1068,0
258,Livermore,46,0,47.7,47.8,47.6,144.3,48.3,47.9,48,48,2013,144.3,52.56,256,456,Livermore,2300140665,Androscoggin,1,2095,61.7
259,Livermore Falls,30.2,61.5,94.1,62.9,62.9,0,0,32.1,0,95.4,2017,95.4,43.91,257,457,Livermore Falls,2300140770,Androscoggin,1,3187,36.18571429
260,Long Island,,,0,,,,0,,,,2010,0,0,258,519,Long Island,2300541067,Cumberland,5,230,0
261,Louds Island,,,,,,,,,,,,,,259,235,Louds Island,2301541280,Lincoln,15,0,0
262,Lovell,0,0,,0,0,,,0,0,,2008,0,0,260,365,Lovell,2301741365,Oxford,17,1140,0
263,Lowell,0,,0,0,0,0,0,0,0,0,2008,0,0,261,169,Lowell,2301941435,Penobscot,19,358,0
264,Lubec,,0,,0,0,0,0,0,0,0,2009,0,0,262,78,Lubec,2302941610,Washington,29,1359,0
265,Ludlow,,,,,,,0,,0,0,2014,0,0,263,126,Ludlow,2300341715,Aroostook,3,404,0
266,Lyman,45.6,23.2,23,92.3,91.5,90.7,113.4,87.8,89.3,111.7,2014,113.4,76.85,264,268,Lyman,2303141750,York,31,4344,96.67142857
267,Machias,,45.6,,0,0,93.4,,193.5,,338.3,2017,338.3,111.8,265,86,Machias,2302941960,Washington,29,2221,125.04
268,Machiasport,,0,,0,,,,,0,,2009,0,0,266,87,Machiasport,2302942100,Washington,29,1119,0
269,Macwahoc,,,,,,,0,,0,0,2014,0,0,267,127,Macwahoc,2300342450,Aroostook,3,79,0
270,Madawaska,,,,,,,0,,0,0,2014,0,0,268,128,Madawaska,2300342520,Aroostook,3,4035,0
271,Madison,43.9,0,0,0,0,104.7,21.3,0,21.2,212,2017,212,40.31,269,320,Madison,2302542660,Somerset,25,4855,51.31428571
272,Magalloway,,,,,,,,,,,,,,270,366,Magalloway,2301742835,Oxford,17,46,0
273,Manchester,79,233.7,38.8,154.2,77.2,312.1,116.6,78.8,118.8,356.4,2017,356.4,156.56,271,488,Manchester,2301143080,Kennebec,11,2580,173.4428571
274,Mapleton,,,,,,,0,,0,0,2014,0,0,272,129,Mapleton,2300343255,Aroostook,3,1948,0
275,Mariaville,0,,0,0,0,0,0,,0,0,2008,0,0,273,199,Mariaville,2300943430,Hancock,9,513,0
276,Mars Hill,,,,,,,0,,0,0,2014,0,0,274,130,Mars Hill,2300343710,Aroostook,3,1493,0
277,Marshall Island,,,,,,,,,,,,,,275,200,Marshall Island,2300943475,Hancock,9,0,0
278,Marshfield,,0,,,,,0,0,,,2009,0,0,276,88,Marshfield,2302943640,Washington,29,518,0
279,Masardis,,,,,,,0,,0,0,2014,0,0,277,131,Masardis,2300343990,Aroostook,3,249,0
280,Matinicus Isle,0,0,0,0,0,,0,0,0,0,2008,0,0,278,449,Matinicus Isle,2301344165,Knox,13,74,0
281,Mattawamkeag,0,,,0,0,0,0,0,0,0,2008,0,0,279,170,Mattawamkeag,2301944270,Penobscot,19,687,0
282,Maxfield,0,,0,0,0,0,0,0,0,0,2008,0,0,280,171,Maxfield,2301944340,Penobscot,19,97,0
283,Mechanic Falls,31,,33,32.8,130.6,32.8,,33.3,,,2012,130.6,48.91666667,281,458,Mechanic Falls,2300144585,Androscoggin,1,3031,57.375
284,Meddybemps,,0,,0,0,0,0,0,0,,2009,0,0,282,89,Meddybemps,2302944760,Washington,29,157,0
285,Medford,,,,,,,,,0,0,2016,0,0,283,419,Medford,2302144830,Piscataquis,21,254,0
286,Medway,0,,0,,0,0,0,0,0,0,2008,0,0,284,172,Medway,2301945005,Penobscot,19,1349,0
287,Mercer,0,0,0,0,0,0,,,0,,2008,0,0,285,321,Mercer,2302545110,Somerset,25,664,0
288,Merrill,,,,,,,0,,0,0,2014,0,0,286,132,Merrill,2300345180,Aroostook,3,273,0
289,Mexico,0,0,74.6,0,0,0,0,0,38.4,0,2010,74.6,11.3,287,367,Mexico,2301745285,Oxford,17,2681,5.485714286
290,Milbridge,,0,,0,,0,,,543.9,,2016,543.9,135.975,288,90,Milbridge,2302945600,Washington,29,1353,181.3
291,Milford,0,,0,0,0,0,0,0,64.6,0,2016,64.6,7.177777778,289,173,Milford,2301945670,Penobscot,19,3070,9.228571429
292,Millinocket,0,,44.4,0,0,23.5,0,23.7,0,49.5,2017,49.5,15.67777778,290,174,Millinocket,2301945810,Penobscot,19,4506,13.81428571
293,Milo,,,,,,,,,0,44.1,2017,44.1,22.05,291,420,Milo,2302146020,Piscataquis,21,2340,22.05
294,Milton,0,0,0,0,0,0,0,0,0,0,2008,0,0,292,368,Milton,2301746105,Oxford,17,143,0
295,Minot,37.8,76,0,38.2,,,76.2,,151.4,113.6,2016,151.4,70.45714286,293,459,Minot,2300146160,Androscoggin,1,2607,94.85
296,Monhegan,0,0,0,,0,0,0,0,0,,2008,0,0,294,236,Monhegan,2301546335,Lincoln,15,69,0
297,Monmouth,0,24.7,97.5,120.7,169.1,122,243.3,170.6,98.4,147.5,2014,243.3,119.38,295,489,Monmouth,2301146405,Kennebec,11,4104,153.0857143
298,Monroe,0,0,0,0,,,0,,,,2008,0,0,296,404,Monroe,2302746475,Waldo,27,890,0
299,Monson,,,,,,,,,0,0,2016,0,0,297,421,Monson,2302146580,Piscataquis,21,686,0
300,Monticello,,,,,,,0,,0,0,2014,0,0,298,133,Monticello,2300346685,Aroostook,3,790,0
301,Montville,,,0,,,,,,,0,2010,0,0,299,405,Montville,2302746790,Waldo,27,1032,0
302,Moose River,0,0,0,0,0,0,0,0,0,0,2008,0,0,300,322,Moose River,2302547140,Somerset,25,218,0
303,Moro,,,,,,,,,,,,,,301,134,Moro,2300347175,Aroostook,3,38,0
304,Morrill,0,0,0,,0,,,,,,2008,0,0,302,406,Morrill,2302747245,Waldo,27,884,0
305,Moscow,0,0,0,0,0,0,0,0,0,0,2008,0,0,303,323,Moscow,2302547455,Somerset,25,512,0
306,Mount Chase,0,,0,0,0,0,0,0,0,0,2008,0,0,304,184,Mount Chase,2301947560,Penobscot,19,201,0
307,Mount Desert,46.3,0,97.4,147.9,196.6,146.5,293.3,435.6,489.7,636.6,2017,636.6,248.99,305,201,Mount Desert,2300947630,Hancock,9,2053,335.1714286
308,Mount Vernon,,,0,,,,,364.3,,,2015,364.3,182.15,306,490,Mount Vernon,2301147770,Kennebec,11,1640,364.3
309,Muscle Ridge Islands,,,,,,,,,,,,,,307,463,Muscle Ridge Islands,2301347962,Knox,13,6,0
310,Naples,27.4,131.4,51.7,103,102.3,177.6,125.6,149.9,123.8,49.5,2013,177.6,104.22,308,520,Naples,2300548085,Cumberland,5,3872,118.8142857
311,Nashville,,,,,,,,,,,,,,309,135,Nashville,2300348120,Aroostook,3,46,0
312,New Canada,,,,,,,0,,0,0,2014,0,0,310,136,New Canada,2300348575,Aroostook,3,321,0
313,New Gloucester,143.1,71.4,90.2,197.5,71.3,281.2,176.1,138.1,171.2,188.4,2013,281.2,152.85,311,521,New Gloucester,2300548820,Cumberland,5,5542,174.8285714
314,New Limerick,,,,,,,0,,0,0,2014,0,0,312,137,New Limerick,2300348960,Aroostook,3,510,0
315,New Portland,0,0,0,0,,,0,,,,2008,0,0,313,324,New Portland,2302549205,Somerset,25,718,0
316,New Sharon,0,,,,0,0,0,,0,,2008,0,0,314,314,New Sharon,2300749345,Franklin,7,1407,0
317,New Sweden,,,,,,,0,,0,0,2014,0,0,315,138,New Sweden,2300349415,Aroostook,3,602,0
318,New Vineyard,0,0,0,0,0,0,0,0,0,0,2008,0,0,316,315,New Vineyard,2300749520,Franklin,7,757,0
319,Newburgh,0,,0,0,0,,,,,,2008,0,0,317,185,Newburgh,2301948505,Penobscot,19,1551,0
320,Newcastle,,326.8,,345.6,,,,,413,354,2016,413,359.85,318,237,Newcastle,2301548645,Lincoln,15,1752,370.8666667
321,Newfield,,,,0,,,,,377.6,,2016,377.6,188.8,319,269,Newfield,2303148750,York,31,1522,188.8
322,Newport,0,,0,30.9,0,0,30.8,31.4,31.4,125.6,2017,125.6,27.78888889,320,186,Newport,2301949065,Penobscot,19,3275,35.72857143
323,Newry,,0,0,0,0,0,0,0,0,0,2009,0,0,321,369,Newry,2301749275,Oxford,17,329,0
324,Nobleboro,0,,,,364.5,363,,,,,2012,364.5,242.5,322,238,Nobleboro,2301549660,Lincoln,15,1643,363.75
325,Norridgewock,30.9,0,0,0,59.5,29.7,30,60.4,29.8,179.1,2017,179.1,41.94,323,325,Norridgewock,2302549835,Somerset,25,3367,55.5
326,North Berwick,125.6,86.6,87.4,152,130,151.8,173,151.7,128.8,64.4,2014,173,125.13,324,270,North Berwick,2303150325,York,31,4576,135.9571429
327,North Franklin,,0,0,0,0,0,0,0,0,0,2009,0,0,325,316,North Franklin,2300751400,Franklin,7,61,0
328,North Haven,0,0,0,,,,2203.9,2452.3,,1626,2015,2452.3,1047.033333,326,464,North Haven,2301351620,Knox,13,355,2094.066667
329,North Oxford,,,,,,,,,,,,,,327,370,North Oxford,2301752575,Oxford,17,24,0
330,North Penobscot,0,,0,0,0,0,0,0,0,0,2008,0,0,328,187,North Penobscot,2301952710,Penobscot,19,463,0
331,North Washington,,0,,0,0,0,0,0,0,0,2009,0,0,329,92,North Washington,2302953500,Washington,29,499,0
332,North Yarmouth,275,414,140.3,334.7,222.7,468.3,408.2,326.3,296,322.9,2013,468.3,320.84,330,522,North Yarmouth,2300553860,Cumberland,5,3565,339.8714286
333,Northeast Piscataquis,,,,,,,,,0,0,2016,0,0,331,422,Northeast Piscataquis,2302151105,Piscataquis,21,273,0
334,Northeast Somerset,0,0,0,0,0,0,0,0,0,0,2008,0,0,332,326,Northeast Somerset,2302551114,Somerset,25,390,0
335,Northfield,,0,,0,0,0,0,0,0,0,2009,0,0,333,91,Northfield,2302951375,Washington,29,148,0
336,Northport,0,,0,0,,,,,,453.1,2017,453.1,113.275,334,407,Northport,2302752845,Waldo,27,1520,226.55
337,Northwest Aroostook,,,,,,,,,,,,,,335,139,Northwest Aroostook,2300353602,Aroostook,3,10,0
460,Northwest Hancock,,,,,,,,,,,,,,336,202,Northwest Hancock,2300953620,Hancock,9,2,0
338,Northwest Piscataquis,,,,,,,,,0,0,2016,0,0,337,423,Northwest Piscataquis,2302153628,Piscataquis,21,147,0
339,Northwest Somerset,,0,0,0,0,0,0,0,0,0,2009,0,0,338,327,Northwest Somerset,2302553636,Somerset,25,62,0
340,Norway,21,0,59.8,0,40.1,161.7,182.4,40.4,80.2,200.4,2017,200.4,78.6,339,371,Norway,2301754000,Oxford,17,5014,100.7428571
341,Oakfield,,,,,,,0,,0,0,2014,0,0,340,140,Oakfield,2300354385,Aroostook,3,737,0
342,Oakland,0,0,32.1,94.9,0,94.9,111,128.1,63.6,79.5,2015,128.1,60.41,341,491,Oakland,2301154560,Kennebec,11,6240,81.71428571
343,Ogunquit,,0,0,0,,,,0,,,2009,0,0,342,271,Ogunquit,2303154980,York,31,892,0
344,Old Orchard Beach,42.5,22.8,23.2,11.6,23.2,,57.5,,23,46.1,2014,57.5,31.2375,343,272,Old Orchard Beach,2303155085,York,31,8624,32.28
345,Old Town,13.1,,12.8,0,0,13,65,52.5,26.3,39.4,2014,65,24.67777778,344,188,Old Town,2301955225,Penobscot,19,7840,28.02857143
346,Orient,,,,,,,0,,0,0,2014,0,0,345,141,Orient,2300355435,Aroostook,3,147,0
347,Orland,0,46.3,0,0,315.6,269.2,225,411,454.1,227.1,2016,454.1,194.83,346,203,Orland,2300955505,Hancock,9,2225,271.7142857
349,Orono,20.1,,9.7,0,19.3,19.7,48.7,28.9,59.3,118.5,2017,118.5,36.02222222,347,189,Orono,2301955565,Penobscot,19,10362,42.05714286
350,Orrington,0,,0,0,27.1,81.5,135.9,135.8,108.8,217.6,2017,217.6,78.52222222,348,190,Orrington,2301955680,Penobscot,19,3733,100.9571429
351,Osborn,0,0,0,0,0,0,0,0,0,0,2008,0,0,349,204,Osborn,2300955855,Hancock,9,67,0
352,Otis,0,,0,0,,0,0,0,0,,2008,0,0,350,205,Otis,2300955890,Hancock,9,672,0
353,Otisfield,,,,,0,,,,,,2012,0,0,351,372,Otisfield,2301755960,Oxford,17,1770,0
354,Owls Head,,,,441.1,,,,,451,579.9,2017,579.9,490.6666667,352,465,Owls Head,2301356135,Knox,13,1580,490.6666667
355,Oxbow,,,,,,,0,,0,0,2014,0,0,353,142,Oxbow,2300356205,Aroostook,3,66,0
356,Oxford,72.9,96.3,0,72.6,97.2,244.5,97.8,73.4,272,123.6,2016,272,115.03,354,373,Oxford,2301756310,Oxford,17,4110,140.1571429
357,Palermo,,0,0,0,0,,0,,,,2009,0,0,355,246,Palermo,2302756450,Waldo,27,1535,0
358,Palmyra,0,0,0,,,0,0,0,0,308.3,2017,308.3,38.5375,356,328,Palmyra,2302556520,Somerset,25,1986,61.66
359,Paris,61,19.5,38.6,19.5,58.7,39.4,118.4,39.5,19.5,116.8,2014,118.4,53.09,357,374,Paris,2301756625,Oxford,17,5183,58.82857143
360,Parkman,,,,,,,,,0,,2016,0,0,358,435,Parkman,2302156765,Piscataquis,21,843,0
361,Parsonsfield,0,0,0,,,0,357.9,,,,2014,357.9,71.58,359,273,Parsonsfield,2303156870,York,31,1898,178.95
362,Passadumkeag,0,,0,0,0,0,0,0,0,0,2008,0,0,360,191,Passadumkeag,2301957045,Penobscot,19,374,0
219,Passamaquoddy Indian Township,,0,,0,0,0,0,0,0,0,2009,0,0,361,93,Passamaquoddy Indian Township,2302957082,Washington,29,718,0
375,Passamaquoddy Pleasant Point,,0,,0,0,0,0,0,0,0,2009,0,0,362,94,Passamaquoddy Pleasant Point,2302957090,Washington,29,749,0
363,Patten,0,,0,0,0,0,0,0,0,,2008,0,0,363,192,Patten,2301957150,Penobscot,19,1017,0
364,Pembroke,,0,,,0,0,0,0,0,0,2009,0,0,364,95,Pembroke,2302957780,Washington,29,840,0
365,Penobscot,,,0,,,,,657.4,493.4,1151.3,2017,1151.3,575.525,365,206,Penobscot,2300957920,Hancock,9,1263,767.3666667
366,Penobscot Indian Island,,,,,,,,,,,,,,366,143,Penobscot Indian Island,2300357936,Aroostook,3,0,0
366,Penobscot Indian Island,,,,,,,,,,,,,,367,193,Penobscot Indian Island,2301957937,Penobscot,19,610,0
367,Perham,,,,,,,0,,0,0,2014,0,0,368,144,Perham,2300358060,Aroostook,3,386,0
368,Perkins,,,,,,,,,,,,,,369,429,Perkins,2302358070,Sagadahoc,23,0,0
369,Perry,,0,,0,0,0,0,0,0,0,2009,0,0,370,96,Perry,2302958165,Washington,29,889,0
370,Peru,0,,0,0,,0,0,,0,0,2008,0,0,371,375,Peru,2301758270,Oxford,17,1541,0
371,Phillips,0,,,,0,,0,0,0,0,2008,0,0,372,317,Phillips,2300758445,Franklin,7,1028,0
372,Phippsburg,318.2,274,225.6,272.9,136.1,90.7,136.7,273,490,89.1,2016,490,230.63,373,430,Phippsburg,2302358515,Sagadahoc,23,2216,212.6428571
373,Pittsfield,23.6,0,23.7,0,0,0,0,73,24.5,122.3,2017,122.3,26.71,374,329,Pittsfield,2302559005,Somerset,25,4215,31.4
374,Pittston,259.4,74.4,75,112.5,301.2,76.2,190.4,268.9,153.2,229.8,2012,301.2,174.1,375,492,Pittston,2301159110,Kennebec,11,2666,190.3142857
376,Pleasant Ridge,0,0,0,0,0,0,0,0,0,0,2008,0,0,376,330,Pleasant Ridge,2302559705,Somerset,25,93,0
377,Plymouth,0,,0,0,0,0,0,0,,,2008,0,0,377,194,Plymouth,2301959950,Penobscot,19,1380,0
378,Poland,74.7,55.7,74.4,111.5,166.7,129.2,184.6,73.4,165.9,239.6,2017,239.6,127.57,378,460,Poland,2300160020,Androscoggin,1,5376,152.9857143
379,Portage Lake,,,,,,,0,,0,0,2014,0,0,379,145,Portage Lake,2300360300,Aroostook,3,391,0
380,Porter,,0,0,,0,,0,,,,2009,0,0,380,376,Porter,2301760405,Oxford,17,1498,0
381,Portland,28.5,24.3,30.2,33.2,34.5,45,43.1,44.5,43.8,43.8,2013,45,37.09,381,523,Portland,2300560545,Cumberland,5,66194,41.12857143
382,Pownal,,526.7,,,,467.9,599.2,,718.5,,2016,718.5,578.075,382,524,Pownal,2300560685,Cumberland,5,1474,595.2
383,Prentiss,0,,0,0,0,0,0,0,0,0,2008,0,0,383,195,Prentiss,2301960790,Penobscot,19,214,0
384,Presque Isle,,,,,,,0,,0,10.9,2017,10.9,3.633333333,384,146,Presque Isle,2300360825,Aroostook,3,9692,3.633333333
385,Princeton,,0,,0,0,0,0,0,,0,2009,0,0,385,106,Princeton,2302961035,Washington,29,832,0
386,Prospect,0,0,0,0,0,,,0,,0,2008,0,0,386,247,Prospect,2302761210,Waldo,27,709,0
388,Randolph,,0,0,,0,0,,0,,0,2009,0,0,387,493,Randolph,2301161700,Kennebec,11,1772,0
389,Rangeley,0,,,,0,,0,0,0,0,2008,0,0,388,318,Rangeley,2300761875,Franklin,7,189,0
389,Rangeley,0,,,,0,,0,0,0,0,2008,0,0,389,341,Rangeley,2300761840,Franklin,7,1168,0
390,Rangeley,0,0,0,0,0,0,0,0,0,0,2008,0,0,388,318,Rangeley,2300761875,Franklin,7,189,0
390,Rangeley,0,0,0,0,0,0,0,0,0,0,2008,0,0,389,341,Rangeley,2300761840,Franklin,7,1168,0
391,Raymond,21.9,110.5,157.8,200.7,132.2,263.9,307.8,154.8,111,266.4,2014,307.8,172.7,390,525,Raymond,2300561945,Cumberland,5,4436,205.2571429
392,Readfield,195.7,193.2,115.5,191.4,115.8,423.1,192.7,347,232.3,619.4,2017,619.4,262.61,391,502,Readfield,2301162190,Kennebec,11,2598,303.1
393,Reed,,,,,,,0,,0,0,2014,0,0,392,147,Reed,2300362400,Aroostook,3,161,0
394,Richmond,58.1,147.3,88,292.9,146.3,88.4,264.5,87.5,294.6,88.4,2016,294.6,155.6,393,431,Richmond,2302362645,Sagadahoc,23,3411,180.3714286
395,Ripley,0,0,0,0,0,0,0,0,0,,2008,0,0,394,331,Ripley,2302562995,Somerset,25,488,0
396,Robbinston,,0,,0,0,0,0,0,0,,2009,0,0,395,107,Robbinston,2302963275,Washington,29,574,0
397,Rockland,176,109.9,82.2,177.5,110.3,69.2,96.1,233.8,138.9,125,2015,233.8,131.89,396,466,Rockland,2301363590,Knox,13,7297,135.8285714
398,Rockport,369,265.8,240.2,333.8,453.2,241.5,421.1,507.5,178.7,297.8,2015,507.5,330.86,397,467,Rockport,2301363660,Knox,13,3330,347.6571429
399,Rome,0,,0,,0,0,,0,,,2008,0,0,398,503,Rome,2301163835,Kennebec,11,1010,0
400,Roque Bluffs,,0,,0,0,0,0,0,0,0,2009,0,0,399,108,Roque Bluffs,2302963940,Washington,29,303,0
401,Roxbury,0,0,0,0,0,0,0,0,0,0,2008,0,0,400,377,Roxbury,2301764185,Oxford,17,369,0
402,Rumford,16.1,0,17.1,0,17.5,17.6,53.2,17.8,18.2,18.2,2014,53.2,17.57,401,378,Rumford,2301764290,Oxford,17,5841,20.35714286
403,Sabattus,41.6,102.8,20.5,41.4,121.5,101.3,80.8,41.1,81.7,163.4,2017,163.4,79.61,402,461,Sabattus,2300164570,Androscoggin,1,4876,90.17142857
404,Saco,83.9,54.5,37.9,53.5,42.8,48.1,52.8,47.6,36.7,47.2,2008,83.9,50.5,403,274,Saco,2303164675,York,31,18482,46.95714286
410,Sandy River,0,0,0,0,0,0,0,0,0,0,2008,0,0,404,342,Sandy River,2300765655,Franklin,7,133,0
411,Sanford,64.9,38.3,43.3,57.7,71.7,52.5,89.6,56.9,42.6,89.9,2017,89.9,60.74,405,275,Sanford,2303165760,York,31,20798,65.84285714
412,Sangerville,,,,,,,,,0,,2016,0,0,406,436,Sangerville,2302165865,Piscataquis,21,1343,0
413,Scarborough,74.3,47.6,26.4,36.8,52.8,52.8,72.6,40.4,72.2,61.9,2008,74.3,53.78,407,526,Scarborough,2300566145,Cumberland,5,18919,55.64285714
414,Searsmont,0,,,,,,,,414.7,,2016,414.7,207.35,408,248,Searsmont,2302766565,Waldo,27,1392,414.7
415,Searsport,37.1,37.6,114.7,0,0,38.4,115.4,106.5,188.7,264.2,2017,264.2,90.26,409,249,Searsport,2302766635,Waldo,27,2615,101.8857143
416,Sebago,,,0,,,0,,,,,2010,0,0,410,527,Sebago,2300566775,Cumberland,5,1719,0
417,Sebec,,,,,,,,,,0,2017,0,0,411,437,Sebec,2302166950,Piscataquis,21,630,0
418,Seboeis,,,,,,,,,,,,,,412,208,Seboeis,2301967160,Penobscot,19,35,0
419,Seboomook Lake,,,,,,,,,,,,,,413,333,Seboomook Lake,2302567238,Somerset,25,48,0
420,Sedgwick,,,,,,,658.4,,,733.5,2017,733.5,695.95,414,207,Sedgwick,2300967300,Hancock,9,1196,695.95
421,Shapleigh,113.7,114.1,75,111.8,148.7,37.2,111.1,256.8,145.6,145.6,2015,256.8,125.96,415,276,Shapleigh,2303167475,York,31,2668,136.6857143
422,Sherman,,,,,,,0,,0,0,2014,0,0,416,151,Sherman,2300367790,Aroostook,3,848,0
423,Shirley,,,,,,,,,0,0,2016,0,0,417,438,Shirley,2302168140,Piscataquis,21,233,0
424,Sidney,148.3,192.7,237.6,118,70.8,307.8,47,141.6,185.6,347.9,2017,347.9,179.73,418,504,Sidney,2301168385,Kennebec,11,4208,174.1
425,Skowhegan,23.3,23.2,11.6,23.5,11.8,129.9,59.6,60.1,84.7,108.9,2013,129.9,53.66,419,334,Skowhegan,2302568910,Somerset,25,8589,68.35714286
426,Smithfield,0,0,0,0,0,,0,,0,588.8,2017,588.8,73.6,420,335,Smithfield,2302569155,Somerset,25,1033,117.76
427,Smyrna,,,,,,,0,,0,0,2014,0,0,421,152,Smyrna,2300369260,Aroostook,3,442,0
428,Solon,,0,0,0,,0,0,,0,0,2009,0,0,422,336,Solon,2302569505,Somerset,25,1053,0
429,Somerville,0,0,,0,,,,0,,0,2008,0,0,423,239,Somerville,2301569645,Lincoln,15,548,0
430,Sorrento,0,0,0,0,0,,0,0,,0,2008,0,0,424,214,Sorrento,2300969750,Hancock,9,274,0
431,South Aroostook,,,,,,,0,,0,0,2014,0,0,425,153,South Aroostook,2300369930,Aroostook,3,386,0
432,South Berwick,237.8,295,166.2,232.7,164,136.1,189.9,188.3,106.5,79.9,2009,295,179.64,426,277,South Berwick,2303170030,York,31,7220,156.7714286
433,South Bristol,,,0,0,,,,,,,2010,0,0,427,240,South Bristol,2301570240,Lincoln,15,892,0
434,South Franklin,0,0,0,0,0,0,0,0,0,0,2008,0,0,428,343,South Franklin,2300770760,Franklin,7,69,0
435,South Oxford,0,0,0,0,0,0,0,0,0,0,2008,0,0,429,379,South Oxford,2301771755,Oxford,17,579,0
436,South Portland,41.1,40.2,12,35.9,43.3,50.6,23.5,45.2,34.2,53.3,2017,53.3,37.93,430,528,South Portland,2300571990,Cumberland,5,25002,40.85714286
437,South Thomaston,,391.1,577.7,824.9,574.3,386.3,,,506.6,633.3,2011,824.9,556.3142857,431,469,South Thomaston,2301372585,Knox,13,1558,585.08
348,Southeast Piscataquis,,,,,,,,,0,0,2016,0,0,432,439,Southeast Piscataquis,2302170655,Piscataquis,21,253,0
438,Southport,0,0,0,0,,0,,,0,0,2008,0,0,433,241,Southport,2301571955,Lincoln,15,606,0
439,Southwest Harbor,0,0,,,,,,,,398.6,2017,398.6,132.8666667,434,215,Southwest Harbor,2300972865,Hancock,9,1764,398.6
440,Springfield,0,,0,0,0,0,0,0,0,0,2008,0,0,435,209,Springfield,2301973250,Penobscot,19,409,0
441,Square Lake,,,,,,,0,,0,0,2014,0,0,436,154,Square Lake,2300373472,Aroostook,3,594,0
405,St. Agatha,,,,,,,0,,0,0,2014,0,0,437,148,St. Agatha,2300364780,Aroostook,3,747,0
406,St. Albans,0,0,0,49.5,50,0,49.9,99.5,0,149.6,2017,149.6,39.85,438,332,St. Albans,2302564850,Somerset,25,2005,56.92857143
407,St. Francis,,,,,,,0,,0,,2014,0,0,439,149,St. Francis,2300365025,Aroostook,3,485,0
408,St. George,336.3,460.5,154.4,496,540.7,503.9,193.5,728.5,346.3,538.7,2015,728.5,429.88,440,468,St. George,2301365130,Knox,13,2591,478.2285714
409,St. John,,,,,,,0,,0,0,2014,0,0,441,150,St. John,2300365200,Aroostook,3,267,0
442,Stacyville,0,,0,0,0,0,0,0,0,,2008,0,0,442,210,Stacyville,2301973600,Penobscot,19,396,0
443,Standish,132.3,110.8,81,181,139.2,257.7,118.8,77.3,105.2,67,2013,257.7,127.03,443,529,Standish,2300573670,Cumberland,5,9874,135.1714286
444,Starks,0,0,0,0,0,0,,,0,,2008,0,0,444,337,Starks,2302573845,Somerset,25,640,0
445,Stetson,0,,0,0,0,0,,,,,2008,0,0,445,211,Stetson,2301974055,Penobscot,19,1202,0
446,Steuben,,,,,,0,0,,,,2013,0,0,446,109,Steuben,2302974125,Washington,29,1131,0
447,Stockholm,,,,,,,0,,0,0,2014,0,0,447,155,Stockholm,2300374405,Aroostook,3,253,0
448,Stockton Springs,,0,,,,378.1,,,,436.7,2017,436.7,271.6,448,250,Stockton Springs,2302774475,Waldo,27,1591,407.4
449,Stoneham,0,0,0,0,0,0,0,0,0,0,2008,0,0,449,380,Stoneham,2301774510,Oxford,17,236,0
450,Stonington,0,0,0,,,,,,,759,2017,759,189.75,450,216,Stonington,2300974580,Hancock,9,1043,759
451,Stow,0,0,0,,0,0,0,0,0,,2008,0,0,451,381,Stow,2301774685,Oxford,17,385,0
452,Strong,0,,,0,,0,0,0,,0,2008,0,0,452,344,Strong,2300774825,Franklin,7,1213,0
453,Sullivan,0,,0,0,0,0,0,,,0,2008,0,0,453,217,Sullivan,2300974965,Hancock,9,1236,0
454,Sumner,0,0,0,0,0,,,0,,,2008,0,0,454,382,Sumner,2301775035,Oxford,17,939,0
455,Surry,0,,,0,0,,,,,,2008,0,0,455,218,Surry,2300975280,Hancock,9,1466,0
456,Swans Island,0,0,,,0,,,,,,2008,0,0,456,219,Swans Island,2300975455,Hancock,9,332,0
457,Swanville,,,,,0,,,0,,,2012,0,0,457,251,Swanville,2302775525,Waldo,27,1388,0
458,Sweden,0,0,0,,,0,0,0,0,0,2008,0,0,458,383,Sweden,2301775595,Oxford,17,391,0
459,T3 R1 NBPP,,,,,,,,,,,,,,,,,,,,,0
461,Talmadge,,0,,0,0,0,0,0,0,0,2009,0,0,459,110,Talmadge,2302975770,Washington,29,64,0
462,Temple,0,0,,0,0,0,0,0,0,0,2008,0,0,460,345,Temple,2300775980,Franklin,7,528,0
463,The Forks,,,,,,,,,,,,,,461,350,The Forks,2302576190,Somerset,25,37,0
464,Thomaston,91.1,168,143.8,216.2,143.6,179.7,250.8,361.4,252,288,2015,361.4,209.46,462,470,Thomaston,2301376365,Knox,13,2781,241.6714286
465,Thorndike,0,0,0,0,,,,,,,2008,0,0,463,281,Thorndike,2302776610,Waldo,27,890,0
466,Topsfield,,0,,,0,0,0,0,0,0,2009,0,0,464,111,Topsfield,2302976895,Washington,29,237,0
467,Topsham,10.1,43.6,91.1,80.4,171.5,138,114.5,137,135.3,67.6,2012,171.5,98.91,465,432,Topsham,2302376960,Sagadahoc,23,8784,120.6142857
468,Tremont,0,,,0,0,,,,,,2008,0,0,466,220,Tremont,2300977345,Hancock,9,1563,0
469,Trenton,,0,0,0,,,,461.1,451.9,,2015,461.1,182.6,467,221,Trenton,2300977415,Hancock,9,1481,304.3333333
470,Troy,0,0,0,0,0,,0,,,,2008,0,0,468,282,Troy,2302777625,Waldo,27,1030,0
471,Turner,0,87.5,17.4,,190.3,103.3,,,240.8,172,2016,240.8,115.9,469,462,Turner,2300177800,Androscoggin,1,5734,176.6
472,Union,129,132.2,88.5,486.7,442.5,311.4,221.8,220.5,608.7,434.8,2016,608.7,307.61,471,471,Union,2301378115,Knox,13,2259,389.4857143
474,Unity,,,,,,,,,,,,,,472,283,Unity,2302778255,Waldo,27,2099,0
474,Unity,,,,,,,,,,,,,,473,505,Unity,2301178190,Kennebec,11,43,0
473,Unity,0,48.5,0,47.3,47.3,283.3,47,184.9,138.8,370,2017,370,116.71,472,283,Unity,2302778255,Waldo,27,2099,159.8
473,Unity,0,48.5,0,47.3,47.3,283.3,47,184.9,138.8,370,2017,370,116.71,473,505,Unity,2301178190,Kennebec,11,43,159.8
475,Upton,0,0,0,0,0,0,0,0,0,0,2008,0,0,474,384,Upton,2301778465,Oxford,17,113,0
476,Van Buren,,,,,,,0,,0,0,2014,0,0,475,35,Van Buren,2300378570,Aroostook,3,2171,0
477,Vanceboro,,0,,0,0,0,0,0,0,0,2009,0,0,476,112,Vanceboro,2302978675,Washington,29,140,0
478,Vassalboro,178.9,136.1,161.3,230.2,206,321.7,160.8,207.9,250,431.8,2017,431.8,228.47,477,506,Vassalboro,2301178745,Kennebec,11,4340,258.3428571
479,Veazie,0,,0,0,,0,,0,,,2008,0,0,478,213,Veazie,2301978780,Penobscot,19,1919,0
480,Verona Island,0,0,,0,0,,,,0,,2008,0,0,479,226,Verona Island,2300978925,Hancock,9,544,0
481,Vienna,0,0,,0,0,0,0,,0,,2008,0,0,480,507,Vienna,2301179025,Kennebec,11,570,0
482,Vinalhaven,0,0,,,0,,,,,1269,2017,1269,317.25,481,472,Vinalhaven,2301379130,Knox,13,1165,634.5
483,Wade,,,,,,,0,,0,0,2014,0,0,482,36,Wade,2300379270,Aroostook,3,283,0
484,Waite,,0,,0,0,0,0,0,0,0,2009,0,0,483,113,Waite,2302979375,Washington,29,101,0
485,Waldo,,0,,0,,0,0,0,,,2009,0,0,484,284,Waldo,2302779480,Waldo,27,762,0
486,Waldoboro,39.3,176.8,137.9,137.6,156.4,138.4,237,312.1,241.1,281.2,2015,312.1,185.78,485,242,Waldoboro,2301579550,Lincoln,15,5075,214.8285714
487,Wales,0,,0,,,,,,,,2008,0,0,486,475,Wales,2300179585,Androscoggin,1,1616,0
488,Wallagrass,,,,,,,0,,0,0,2014,0,0,487,37,Wallagrass,2300379865,Aroostook,3,546,0
489,Waltham,0,0,0,0,0,0,,0,0,0,2008,0,0,488,227,Waltham,2300980040,Hancock,9,353,0
490,Warren,84,211.9,189.4,188.3,209.8,189.2,413.1,234.2,208.9,334.3,2014,413.1,226.31,489,473,Warren,2301380215,Knox,13,4751,253.9714286
491,Washburn,,,,,,,0,,0,0,2014,0,0,490,38,Washburn,2300380285,Aroostook,3,1687,0
492,Washington,,,,,,,524.6,,,456.9,2014,524.6,490.75,491,474,Washington,2301380425,Knox,13,1527,490.75
493,Waterboro,39.6,78.2,39,140.5,101.3,114.7,101.3,50.4,134.1,97.6,2011,140.5,89.67,492,278,Waterboro,2303180530,York,31,7693,105.7
494,Waterford,0,0,0,0,,,,,0,,2008,0,0,493,385,Waterford,2301780635,Oxford,17,1553,0
495,Waterville,25.4,0,44.5,38.5,38.2,32.2,51.2,19.6,52.2,104.4,2017,104.4,40.62,494,508,Waterville,2301180740,Kennebec,11,15722,48.04285714
496,Wayne,,,,,,,,,,524.9,2017,524.9,524.9,495,509,Wayne,2301180880,Kennebec,11,1189,524.9
497,Webster,0,,0,0,0,0,0,0,0,0,2008,0,0,496,222,Webster,2301981055,Penobscot,19,85,0
498,Weld,0,,0,0,0,0,0,0,0,,2008,0,0,497,346,Weld,2300781300,Franklin,7,419,0
499,Wellington,,,,,,,,,0,0,2016,0,0,498,440,Wellington,2302181405,Piscataquis,21,260,0
500,Wells,256.6,146.5,73,146.6,114.1,114.9,185.3,104,123.6,82.4,2008,256.6,134.7,499,279,Wells,2303181475,York,31,9589,124.4142857
501,Wesley,,0,,0,0,0,0,0,0,0,2009,0,0,500,114,Wesley,2302981685,Washington,29,98,0
502,West Bath,,,0,0,,0,321.9,,,,2014,321.9,80.475,501,433,West Bath,2302381930,Sagadahoc,23,1877,107.3
503,West Central Franklin,,,,,,,,,,,,,,502,347,West Central Franklin,2300782235,Franklin,7,0,0
504,West Forks,,0,0,0,0,0,0,0,0,0,2009,0,0,503,351,West Forks,2302582840,Somerset,25,60,0
505,West Gardiner,264.3,149.6,57.6,114.7,143.7,173.2,86.7,114.3,56.8,312.4,2017,312.4,147.33,504,510,West Gardiner,2301182945,Kennebec,11,3474,143.1142857
506,West Paris,0,0,0,,0,0,,0,,0,2008,0,0,505,386,West Paris,2301783890,Oxford,17,1812,0
507,Westbrook,36.8,87.7,34.3,57.2,34.2,107.4,50.4,38.7,43.9,109.8,2017,109.8,60.04,506,530,Westbrook,2300582105,Cumberland,5,17494,63.08571429
508,Westfield,,,,,,,0,,0,,2014,0,0,507,39,Westfield,2300382770,Aroostook,3,549,0
509,Westmanland,,,,,,,0,,0,0,2014,0,0,508,40,Westmanland,2300383540,Aroostook,3,62,0
510,Weston,,,,,,,0,,0,0,2014,0,0,509,41,Weston,2300383785,Aroostook,3,228,0
511,Westport Island,0,,0,,0,,,,,,2008,0,0,510,243,Westport Island,2301584140,Lincoln,15,718,0
512,Whitefield,220.6,262,87,346,260.3,303.2,174.2,260.4,299.7,342.5,2011,346,255.59,511,244,Whitefield,2301585010,Lincoln,15,2300,283.7571429
513,Whiting,,0,,0,0,0,0,0,,,2009,0,0,512,115,Whiting,2302985185,Washington,29,487,0
387,Whitney,,,,,,,,,,,,,,513,223,Whitney,2301985230,Penobscot,19,5,0
514,Whitneyville,,0,,0,0,0,0,0,0,0,2009,0,0,514,121,Whitneyville,2302985290,Washington,29,220,0
515,Willimantic,,,,,,,,,0,0,2016,0,0,515,441,Willimantic,2302185710,Piscataquis,21,150,0
516,Wilton,0,96.9,24.3,0,,0,,25,0,49.8,2009,96.9,24.5,516,348,Wilton,2300785850,Franklin,7,4116,14.96
517,Windham,100.9,164.1,70.6,145.6,145.1,195.4,193.6,150.6,204.2,165.6,2016,204.2,153.57,517,531,Windham,2300586025,Cumberland,5,17001,171.4428571
518,Windsor,255.3,160.9,233,154.9,308.4,192.5,192.2,155.2,231,77,2012,308.4,196.04,518,511,Windsor,2301186165,Kennebec,11,2575,187.3142857
519,Winn,0,,0,0,0,0,0,0,0,0,2008,0,0,519,224,Winn,2301986305,Penobscot,19,407,0
520,Winslow,51.4,76.8,12.8,64.2,90.4,91,78.3,118.5,79,118.5,2015,118.5,78.09,520,512,Winslow,2301186515,Kennebec,11,7794,91.41428571
521,Winter Harbor,0,0,0,0,0,0,0,0,,0,2008,0,0,521,228,Winter Harbor,2300986655,Hancock,9,516,0
522,Winterport,0,0,79.9,0,26.6,0,79.3,99.5,0,129.8,2017,129.8,41.51,522,285,Winterport,2302786760,Waldo,27,3757,47.88571429
523,Winterville,,,,,,,0,,0,,2014,0,0,523,42,Winterville,2300386865,Aroostook,3,224,0
524,Winthrop,142.4,211.1,98.5,133.2,116.7,318,202.3,206.8,369.9,269,2016,369.9,206.79,524,513,Winthrop,2301186970,Kennebec,11,6092,230.8428571
525,Wiscasset,133.3,133.5,53.6,53.8,108,26.8,53.9,134.8,264.5,79.3,2016,264.5,104.15,525,245,Wiscasset,2301587075,Lincoln,15,3732,103.0142857
526,Woodland,,,,,,,0,,0,0,2014,0,0,526,43,Woodland,2300387215,Aroostook,3,1213,0
527,Woodstock,0,,0,0,0,,0,0,0,,2008,0,0,527,387,Woodstock,2301787355,Oxford,17,1277,0
528,Woodville,0,,0,0,0,0,0,0,0,0,2008,0,0,528,225,Woodville,2301987390,Penobscot,19,248,0
529,Woolwich,202.2,133.2,97.7,163.1,,,228.5,,391,260.7,2016,391,210.9142857,529,434,Woolwich,2302387460,Sagadahoc,23,3072,260.825
530,Wyman,0,0,0,0,0,0,0,0,0,0,2008,0,0,530,349,Wyman,2300787680,Franklin,7,88,0
531,Yarmouth,87.1,157.1,47.9,84.5,144.2,154.9,142.3,96.5,177.7,130.3,2016,177.7,122.25,531,532,Yarmouth,2300587845,Cumberland,5,8349,132.9142857
532,York,295.7,368,151.6,142.8,150.8,118.7,206.2,119.7,103.2,103.2,2009,368,175.99,532,280,York,2303187985,York,31,12529,134.9428571